City_ID,City,Lat,Lng,Max Temp,Humidity,Cloudiness,Wind Speed,Country,Date
0,Lata,40.1629,-8.3327,78.04,65,55,7.99,PT,2021-07-24 18:41:08
1,Bethel,41.3712,-73.414,83.01,34,23,3.36,US,2021-07-24 18:41:09
2,Hermanus,-34.4187,19.2345,54.63,59,19,2.35,ZA,2021-07-24 18:39:28
3,Atuona,-9.8,-139.0333,78.31,69,82,16.37,PF,2021-07-24 18:41:09
4,Busselton,-33.65,115.3333,56.08,70,100,15.43,AU,2021-07-24 18:36:44
5,Sao Felix Do Xingu,-6.6447,-51.995,95.58,22,40,5.37,BR,2021-07-24 18:40:31
6,Akyab,20.15,92.9,81.99,85,95,12.15,MM,2021-07-24 18:41:10
7,Half Moon Bay,37.4636,-122.4286,87.82,68,20,5.75,US,2021-07-24 18:41:10
8,Kurumkan,54.3,110.3,58.37,78,5,2.64,RU,2021-07-24 18:41:11
9,Mitsamiouli,-11.3847,43.2844,75.96,73,12,24.92,KM,2021-07-24 18:41:11
10,Puerto Ayora,-0.7393,-90.3518,82.36,81,13,8.99,EC,2021-07-24 18:39:38
11,Saint George,37.1041,-113.5841,93.67,38,1,3.0,US,2021-07-24 18:40:33
12,Pacific Grove,36.6177,-121.9166,78.42,88,40,5.99,US,2021-07-24 18:41:12
13,Oriximina,-1.7656,-55.8661,87.46,49,100,6.15,BR,2021-07-24 18:41:12
14,Ushuaia,-54.8,-68.3,40.62,81,40,3.44,AR,2021-07-24 18:37:57
15,Nampula,-15.1165,39.2666,64.35,68,75,13.8,MZ,2021-07-24 18:41:13
16,Rikitea,-23.1203,-134.9692,69.03,53,0,1.59,PF,2021-07-24 18:41:13
17,Husavik,66.0449,-17.3389,64.31,82,89,6.49,IS,2021-07-24 18:40:22
18,Uray,60.1247,64.7758,59.09,81,45,5.5,RU,2021-07-24 18:41:14
19,Te Anau,-45.4167,167.7167,38.41,89,100,3.33,NZ,2021-07-24 18:41:14
20,Barrow,71.2906,-156.7887,41.02,93,90,0.0,US,2021-07-24 18:41:04
21,Tasiilaq,65.6145,-37.6368,42.96,98,100,5.73,GL,2021-07-24 18:39:31
22,Gamba,-2.65,10.0,71.51,82,48,6.17,GA,2021-07-24 18:41:15
23,Albany,42.6001,-73.9662,83.62,48,50,1.99,US,2021-07-24 18:39:47
24,Port Alfred,-33.5906,26.891,56.05,74,0,21.12,ZA,2021-07-24 18:41:16
25,Ponta Do Sol,32.6667,-17.1,74.43,69,0,4.9,PT,2021-07-24 18:41:16
26,Punta Arenas,-53.15,-70.9167,42.91,75,75,18.41,CL,2021-07-24 18:39:37
27,Cap Malheureux,-19.9842,57.6142,70.29,76,8,3.0,MU,2021-07-24 18:41:17
28,Mason City,43.1536,-93.201,87.1,61,1,11.5,US,2021-07-24 18:41:17
29,Tuktoyaktuk,69.4541,-133.0374,57.2,62,40,18.41,CA,2021-07-24 18:40:16
30,Olafsvik,64.8945,-23.7142,50.61,92,79,11.48,IS,2021-07-24 18:41:18
31,Cape Town,-33.9258,18.4232,54.27,73,0,3.44,ZA,2021-07-24 18:41:18
32,Amudat,1.95,34.95,69.76,74,100,3.98,UG,2021-07-24 18:41:19
33,Atambua,-9.1061,124.8925,66.43,69,8,4.25,ID,2021-07-24 18:41:19
34,Kapaa,22.0752,-159.319,80.58,82,75,4.0,US,2021-07-24 18:39:24
35,New Norfolk,-42.7826,147.0587,41.72,87,100,8.59,AU,2021-07-24 18:41:20
36,Fonte Boa,-2.4959,-66.2662,81.84,79,100,1.45,BR,2021-07-24 18:41:20
37,Pevek,69.7008,170.3133,36.88,93,100,9.64,RU,2021-07-24 18:41:21
38,Touros,-5.1989,-35.4608,81.95,53,10,19.64,BR,2021-07-24 18:36:45
39,Tiksi,71.6872,128.8694,40.03,86,26,5.5,RU,2021-07-24 18:41:21
40,Port Hedland,-20.3167,118.5667,59.05,72,9,9.22,AU,2021-07-24 18:41:22
41,Carauari,-4.8828,-66.8958,88.36,56,49,2.39,BR,2021-07-24 18:41:22
42,Vostok,46.4856,135.8833,69.69,83,78,4.23,RU,2021-07-24 18:39:50
43,Arraial Do Cabo,-22.9661,-42.0278,70.99,73,0,21.3,BR,2021-07-24 18:41:23
44,Hobart,-42.8794,147.3294,46.26,71,100,7.0,AU,2021-07-24 18:41:23
45,Ballina,-28.8667,153.5667,56.79,62,0,6.91,AU,2021-07-24 18:40:09
46,Faanui,-16.4833,-151.75,77.43,74,20,15.35,PF,2021-07-24 18:41:24
47,Vaini,-21.2,-175.2,69.96,100,75,1.14,TO,2021-07-24 18:41:24
48,Meulaboh,4.1363,96.1285,77.16,87,100,4.0,ID,2021-07-24 18:40:33
49,Kashi,39.4547,75.9797,85.23,39,75,0.0,CN,2021-07-24 18:41:25
50,Iquitos,-3.7481,-73.2472,86.61,50,20,1.99,PE,2021-07-24 18:41:25
51,Havelock,34.8791,-76.9013,84.43,59,1,5.99,US,2021-07-24 18:41:26
52,Luderitz,-26.6481,15.1594,64.58,32,14,7.07,NA,2021-07-24 18:41:26
53,Torbay,47.6666,-52.7314,69.28,76,75,17.27,CA,2021-07-24 18:41:26
54,Hilo,19.7297,-155.09,86.29,88,90,5.75,US,2021-07-24 18:38:59
55,Bonavista,48.6499,-53.1147,68.0,77,50,6.44,CA,2021-07-24 18:41:27
56,Butaritari,3.0707,172.7902,83.5,73,100,16.75,KI,2021-07-24 18:39:57
57,Coxim,-18.5067,-54.76,95.14,17,0,7.31,BR,2021-07-24 18:41:27
58,San Patricio,28.017,-97.5169,95.02,39,0,15.39,US,2021-07-24 18:41:28
59,Hawera,-39.5917,174.2833,45.46,87,3,12.46,NZ,2021-07-24 18:41:28
60,Rawson,-43.3002,-65.1023,51.55,34,99,19.3,AR,2021-07-24 18:41:29
61,Kahului,20.8947,-156.47,79.86,89,40,19.57,US,2021-07-24 18:38:14
62,Labuhan,-6.8844,112.2051,73.33,84,5,7.36,ID,2021-07-24 18:38:29
63,Kattivakkam,13.2167,80.3167,87.89,68,100,11.54,IN,2021-07-24 18:41:29
64,Srednekolymsk,67.45,153.6833,47.44,69,100,12.97,RU,2021-07-24 18:40:26
65,Bluff,-46.6,168.3333,40.8,73,100,10.96,NZ,2021-07-24 18:40:10
66,Coahuayana,18.7333,-103.6833,89.01,63,36,5.48,MX,2021-07-24 18:41:30
67,Havre-Saint-Pierre,50.2334,-63.5986,66.56,55,1,6.91,CA,2021-07-24 18:39:50
68,Presidente Dutra,-5.29,-44.49,93.96,28,80,7.7,BR,2021-07-24 18:41:30
69,Camocim,-2.9022,-40.8411,86.41,54,28,15.39,BR,2021-07-24 18:41:31
70,Jamestown,42.097,-79.2353,80.19,61,20,4.0,US,2021-07-24 18:41:31
71,Bredasdorp,-34.5322,20.0403,45.72,93,22,2.3,ZA,2021-07-24 18:39:02
72,Banjar,-8.19,114.9675,76.86,84,3,5.14,ID,2021-07-24 18:41:32
73,Khatanga,71.9667,102.5,56.55,88,64,8.79,RU,2021-07-24 18:41:32
74,Maragogi,-9.0122,-35.2225,76.89,72,0,10.89,BR,2021-07-24 18:41:33
75,Sembe,1.6481,14.5806,74.75,79,97,2.42,CG,2021-07-24 18:41:33
76,Mataura,-46.1927,168.8643,40.48,90,100,3.69,NZ,2021-07-24 18:41:34
77,Vanimo,-2.6741,141.3028,74.62,92,100,2.48,PG,2021-07-24 18:39:43
78,Ribeira Grande,38.5167,-28.7,73.8,94,75,16.11,PT,2021-07-24 18:41:34
79,Guerrero Negro,27.9769,-114.0611,78.48,59,100,10.83,MX,2021-07-24 18:39:58
80,Kodiak,57.79,-152.4072,54.91,88,90,4.61,US,2021-07-24 18:41:35
81,Tessalit,20.1986,1.0114,95.72,32,97,15.99,ML,2021-07-24 18:37:34
82,Carnarvon,-24.8667,113.6333,62.67,72,90,10.36,AU,2021-07-24 18:39:26
83,Avarua,-21.2078,-159.775,69.85,88,13,3.44,CK,2021-07-24 18:41:36
84,Kruisfontein,-34.0033,24.7314,48.88,49,0,6.85,ZA,2021-07-24 18:40:18
85,Oudtshoorn,-33.5907,22.2014,43.16,31,19,3.85,ZA,2021-07-24 18:41:36
86,Cabo San Lucas,22.8909,-109.9124,98.51,65,10,10.0,MX,2021-07-24 18:41:37
87,Kaeo,-35.1,173.7833,54.61,83,97,10.92,NZ,2021-07-24 18:41:37
88,Saskylakh,71.9167,114.0833,56.61,57,100,6.26,RU,2021-07-24 18:41:38
89,Castro,-24.7911,-50.0119,69.8,48,0,4.34,BR,2021-07-24 18:41:38
90,Shitanjing,39.2342,106.3439,72.28,68,8,12.68,CN,2021-07-24 18:41:38
91,Solone,48.2081,34.8721,71.65,51,37,5.61,UA,2021-07-24 18:41:39
92,Ahuimanu,21.4447,-157.8378,80.31,76,75,9.22,US,2021-07-24 18:41:39
93,Lavrentiya,65.5833,-171.0,46.35,95,100,10.58,RU,2021-07-24 18:39:01
94,Monroe,43.1501,-77.6831,83.21,57,90,10.36,US,2021-07-24 18:39:12
95,Viedma,-40.8135,-62.9967,51.87,36,100,12.39,AR,2021-07-24 18:41:40
96,Tefe,-3.3542,-64.7114,89.71,66,40,8.05,BR,2021-07-24 18:41:41
97,Newport,51.5877,-2.9984,64.8,84,100,8.7,GB,2021-07-24 18:41:41
98,La Ronge,55.1001,-105.2842,70.02,60,75,9.22,CA,2021-07-24 18:41:42
99,Vila Velha,-20.3297,-40.2925,75.15,60,40,9.22,BR,2021-07-24 18:41:42
100,East London,-33.0153,27.9116,54.54,76,0,9.22,ZA,2021-07-24 18:41:42
101,Marzuq,14.4,46.4667,74.57,75,84,6.93,YE,2021-07-24 18:41:35
102,San Pedro,14.35,121.0167,80.15,95,90,3.44,PH,2021-07-24 18:41:43
103,Dwarka,22.2394,68.9678,82.6,84,99,19.37,IN,2021-07-24 18:41:01
104,Baicheng,45.6167,122.8167,71.67,93,100,6.46,CN,2021-07-24 18:41:44
105,Aykhal,66.0,111.5,58.48,55,1,7.74,RU,2021-07-24 18:39:51
106,Tabou,4.423,-7.3528,76.39,70,94,5.35,CI,2021-07-24 18:41:44
107,Sao Joao Da Barra,-21.6403,-41.0511,77.09,60,0,12.71,BR,2021-07-24 18:41:11
108,Thompson,55.7435,-97.8558,68.16,68,75,11.5,CA,2021-07-24 18:41:45
109,Fairbanks,64.8378,-147.7164,60.76,93,90,1.99,US,2021-07-24 18:40:00
110,Isla Mujeres,21.2311,-86.731,89.65,68,94,8.75,MX,2021-07-24 18:40:05
111,Alofi,-19.0595,-169.9187,71.49,100,3,1.14,NU,2021-07-24 18:41:45
112,Qaanaaq,77.484,-69.3632,41.7,67,100,0.69,GL,2021-07-24 18:41:46
113,Bengkulu,-3.8004,102.2655,75.42,88,7,4.21,ID,2021-07-24 18:41:01
114,Gat,31.61,34.7642,82.81,100,1,4.12,IL,2021-07-24 18:41:46
115,Margate,51.3813,1.3862,70.18,80,99,1.01,GB,2021-07-24 18:41:47
116,Ancud,-41.8697,-73.8203,45.93,68,100,3.47,CL,2021-07-24 18:39:50
117,Iqaluit,63.7506,-68.5145,51.53,81,90,13.0,CA,2021-07-24 18:41:47
118,Kautokeino,69.0125,23.0412,52.7,76,100,9.33,NO,2021-07-24 18:41:48
119,Asau,46.4333,26.4,62.13,82,15,2.26,RO,2021-07-24 18:41:48
120,Hithadhoo,-0.6,73.0833,82.51,77,24,11.7,MV,2021-07-24 18:41:49
121,Sovetskaya,44.7769,41.1722,68.58,63,23,4.97,RU,2021-07-24 18:41:49
122,Kamaishi,39.2667,141.8833,71.73,89,10,4.94,JP,2021-07-24 18:41:49
123,Clyde River,70.4692,-68.5914,35.83,93,90,14.97,CA,2021-07-24 18:38:50
124,Kidal,18.4411,1.4078,90.79,41,14,12.57,ML,2021-07-24 18:41:50
125,Rorvik,64.8621,11.2373,56.82,84,41,7.9,NO,2021-07-24 18:41:50
126,Nikolskoye,59.7035,30.7861,64.29,65,11,2.8,RU,2021-07-24 18:41:51
127,Kalmunai,7.4167,81.8167,81.61,69,100,7.74,LK,2021-07-24 18:41:51
128,Collie,-33.3667,116.15,53.98,94,58,7.14,AU,2021-07-24 18:41:52
129,Chokurdakh,70.6333,147.9167,39.02,82,63,14.65,RU,2021-07-24 18:41:52
130,Nemuro,43.3236,145.575,61.47,98,100,8.79,JP,2021-07-24 18:40:37
131,Changqing,36.5575,116.7272,77.36,77,0,4.12,CN,2021-07-24 18:41:53
132,Caibarien,22.5206,-79.4669,90.72,72,79,9.31,CU,2021-07-24 18:41:53
133,Porto Novo,6.4965,2.6036,78.62,76,78,7.36,BJ,2021-07-24 18:41:34
134,Lagoa,39.05,-27.9833,71.56,91,93,15.32,PT,2021-07-24 18:41:54
135,Karratha,-20.7377,116.8463,69.75,48,100,4.92,AU,2021-07-24 18:41:54
136,Broome,42.2506,-75.833,83.17,54,20,1.99,US,2021-07-24 18:41:55
137,Chubbuck,42.9208,-112.4661,80.49,19,1,8.05,US,2021-07-24 18:41:55
138,Buala,-8.145,159.5921,79.66,84,78,7.63,SB,2021-07-24 18:41:55
139,Paamiut,61.994,-49.6678,42.31,97,87,7.9,GL,2021-07-24 18:39:53
140,Sur,22.5667,59.5289,90.54,59,100,13.13,OM,2021-07-24 18:40:07
141,Tarko-Sale,64.9225,77.785,55.22,96,100,13.94,RU,2021-07-24 18:41:56
142,Cururupu,-1.8283,-44.8683,85.42,60,97,4.92,BR,2021-07-24 18:41:56
143,Kokoda,-8.8785,147.7407,72.55,94,100,2.04,PG,2021-07-24 18:41:57
144,Camara De Lobos,32.6333,-16.9667,74.03,71,0,7.36,PT,2021-07-24 18:41:58
145,Teahupoo,-17.8333,-149.2667,73.36,70,2,9.28,PF,2021-07-24 18:41:58
146,Lompoc,34.6391,-120.4579,85.01,73,40,6.91,US,2021-07-24 18:39:32
147,Saldanha,-33.0117,17.9442,54.82,68,7,10.98,ZA,2021-07-24 18:40:07
148,Upington,-28.4478,21.2561,50.38,25,0,4.61,ZA,2021-07-24 18:41:59
149,Nakhon Phanom,17.3333,104.4167,73.45,95,100,9.84,TH,2021-07-24 18:41:59
150,Lebu,-37.6167,-73.65,53.35,69,96,13.69,CL,2021-07-24 18:41:59
151,Tocopilla,-22.092,-70.1979,66.18,69,25,11.65,CL,2021-07-24 18:39:25
152,Nanortalik,60.1432,-45.2371,43.45,97,100,13.69,GL,2021-07-24 18:42:00
153,Saint-Philippe,-21.3585,55.7679,68.22,77,65,5.73,RE,2021-07-24 18:42:00
154,Anadyr,64.75,177.4833,55.9,100,90,5.99,RU,2021-07-24 18:42:01
155,Raymond,43.9015,-70.4703,83.23,47,51,3.38,US,2021-07-24 18:41:59
156,Kitob,39.0843,66.8332,86.54,19,0,7.05,UZ,2021-07-24 18:42:02
157,Wuwei,37.9281,102.6414,77.29,44,100,8.19,CN,2021-07-24 18:42:02
158,Doha,25.2867,51.5333,97.11,67,0,12.66,QA,2021-07-24 18:42:02
159,Aksu,41.1231,80.2644,84.15,35,0,4.07,CN,2021-07-24 18:41:26
160,Chuy,-33.6971,-53.4616,61.88,75,89,5.68,UY,2021-07-24 18:42:03
161,Georgetown,5.4112,100.3354,84.88,85,20,0.0,MY,2021-07-24 18:42:03
162,Rantepao,-2.9701,119.8978,64.9,96,94,2.08,ID,2021-07-24 18:42:04
163,Lingyuan,41.24,119.4011,70.16,95,10,4.97,CN,2021-07-24 18:42:04
164,Vao,-22.6667,167.4833,71.44,83,2,5.23,NC,2021-07-24 18:42:05
165,Tazovskiy,67.4667,78.7,49.05,86,100,6.69,RU,2021-07-24 18:42:05
166,Mattru,7.6244,-11.8332,72.77,97,100,2.95,SL,2021-07-24 18:42:06
167,Port Keats,-14.25,129.55,70.12,55,100,2.95,AU,2021-07-24 18:42:06
168,Tahe,52.3333,124.7333,59.92,96,6,3.15,CN,2021-07-24 18:42:06
169,Traverse City,44.7631,-85.6206,78.87,83,90,12.66,US,2021-07-24 18:38:12
170,Skjervoy,70.0311,20.9714,47.52,91,100,5.3,NO,2021-07-24 18:42:07
171,Port Elizabeth,-33.918,25.5701,53.56,67,5,11.95,ZA,2021-07-24 18:42:08
172,Chambas,22.1928,-78.9136,89.22,65,100,8.41,CU,2021-07-24 18:42:08
173,Coquimbo,-29.9533,-71.3436,58.73,67,75,3.44,CL,2021-07-24 18:38:07
174,Padang,-0.9492,100.3543,77.47,85,88,3.22,ID,2021-07-24 18:42:09
175,Keti Bandar,24.1447,67.4497,83.25,82,79,16.69,PK,2021-07-24 18:42:09
176,Omsukchan,62.5333,155.8,50.92,92,100,5.32,RU,2021-07-24 18:42:09
177,Opuwo,-18.0607,13.84,60.76,14,0,8.43,NA,2021-07-24 18:42:10
178,Camacha,33.0833,-16.3333,67.17,80,20,15.68,PT,2021-07-24 18:42:10
179,Trinidad,-14.8333,-64.9,91.38,49,20,9.22,BO,2021-07-24 18:42:11
180,Zarubino,42.63,131.0922,73.17,94,10,3.78,RU,2021-07-24 18:42:11
181,Acapulco,16.8634,-99.8901,86.72,66,23,8.32,MX,2021-07-24 18:39:56
182,Yulara,-25.2406,130.9889,42.64,61,93,8.05,AU,2021-07-24 18:41:40
183,Kanpur,26.4667,80.35,87.67,70,47,11.65,IN,2021-07-24 18:41:18
184,Kavieng,-2.5744,150.7967,81.32,78,24,10.25,PG,2021-07-24 18:42:12
185,Grindavik,63.8424,-22.4338,50.72,82,67,13.4,IS,2021-07-24 18:42:12
186,Imelda,7.65,123.95,79.41,88,59,1.63,PH,2021-07-24 18:42:13
187,Richards Bay,-28.783,32.0377,55.58,78,11,4.25,ZA,2021-07-24 18:42:13
188,Hasaki,35.7333,140.8333,75.6,84,0,7.02,JP,2021-07-24 18:42:14
189,Provideniya,64.3833,-173.3,46.99,98,100,11.63,RU,2021-07-24 18:42:14
190,Port-Gentil,-0.7193,8.7815,76.96,73,90,10.36,GA,2021-07-24 18:42:14
191,Luanda,-8.8368,13.2343,70.68,86,0,12.3,AO,2021-07-24 18:38:08
192,Kedrovyy,56.1667,91.8167,59.41,81,92,5.26,RU,2021-07-24 18:42:15
193,Isabela,6.7085,121.9711,80.65,88,100,4.92,PH,2021-07-24 18:39:26
194,Cherskiy,68.75,161.3,45.01,74,99,3.47,RU,2021-07-24 18:42:15
195,Cidreira,-30.1811,-50.2056,66.09,57,0,6.17,BR,2021-07-24 18:42:16
196,Lakes Entrance,-37.8811,147.981,43.57,68,98,16.84,AU,2021-07-24 18:42:16
197,Araucaria,-25.5931,-49.4103,71.2,45,0,3.18,BR,2021-07-24 18:42:17
198,Makubetsu,45.3714,141.8211,70.23,95,100,9.82,JP,2021-07-24 18:42:17
199,Palmer,42.1584,-72.3287,83.66,42,40,3.44,US,2021-07-24 18:42:17
200,Dikson,73.5069,80.5464,37.94,96,100,25.75,RU,2021-07-24 18:42:18
201,Mar Del Plata,-38.0023,-57.5575,53.01,63,0,15.01,AR,2021-07-24 18:39:26
202,Kholtoson,50.2981,103.3097,54.73,97,100,1.92,RU,2021-07-24 18:42:18
203,Kaitangata,-46.2817,169.8464,39.92,56,67,4.7,NZ,2021-07-24 18:42:19
204,Tarauaca,-8.1614,-70.7656,95.63,30,0,0.85,BR,2021-07-24 18:42:19
205,Livadiya,42.8692,132.6764,72.52,93,94,2.51,RU,2021-07-24 18:42:20
206,Manggar,-2.8833,108.2667,81.57,74,15,12.53,ID,2021-07-24 18:42:20
207,Ostrovnoy,68.0531,39.5131,49.12,89,95,18.43,RU,2021-07-24 18:40:30
208,Nicoya,10.1483,-85.452,80.15,91,100,3.31,CR,2021-07-24 18:42:21
209,Yellowknife,62.456,-114.3525,55.33,57,75,8.05,CA,2021-07-24 18:37:37
210,Upernavik,72.7868,-56.1549,39.61,86,100,5.7,GL,2021-07-24 18:42:21
211,Keetmanshoop,-26.5833,18.1333,54.52,14,0,8.05,NA,2021-07-24 18:42:22
212,Norman Wells,65.282,-126.8329,62.64,45,40,12.66,CA,2021-07-24 18:40:38
213,Isangel,-19.55,169.2667,75.13,86,9,3.87,VU,2021-07-24 18:42:22
214,Saint Anthony,45.0205,-93.218,92.25,52,1,3.0,US,2021-07-24 18:42:23
215,Dumas,35.8656,-101.9732,91.65,31,1,5.75,US,2021-07-24 18:42:23
216,Boa Vista,2.8197,-60.6733,87.78,55,40,4.61,BR,2021-07-24 18:42:24
217,Marystown,47.1666,-55.1483,59.32,87,72,12.26,CA,2021-07-24 18:42:24
218,Bambous Virieux,-20.3428,57.7575,70.05,83,75,5.75,MU,2021-07-24 18:42:25
219,Andilamena,-17.0167,48.5833,53.58,94,37,5.53,MG,2021-07-24 18:42:25
220,Soto La Marina,23.7667,-98.2167,97.84,31,0,15.48,MX,2021-07-24 18:42:25
221,Talcahuano,-36.7167,-73.1167,55.08,67,75,11.5,CL,2021-07-24 18:42:26
222,Mackenzie,55.2999,-123.1698,64.62,52,75,5.75,CA,2021-07-24 18:42:26
223,Fortuna,40.5982,-124.1573,61.99,79,1,11.5,US,2021-07-24 18:42:27
224,Cotonou,6.3654,2.4183,78.78,83,20,14.97,BJ,2021-07-24 18:42:27
225,Atar,20.5169,-13.0499,102.96,16,83,10.83,MR,2021-07-24 18:42:28
226,Langsa,4.4683,97.9683,75.76,90,99,1.57,ID,2021-07-24 18:42:28
227,Ciudad Bolivar,8.1222,-63.5497,85.32,69,99,5.3,VE,2021-07-24 18:42:05
228,Harduaganj,27.95,78.1667,88.65,64,94,8.01,IN,2021-07-24 18:42:28
229,Merritt Island,28.5392,-80.672,93.27,68,40,11.5,US,2021-07-24 18:39:50
230,Cumra,37.5732,32.7745,71.74,34,0,5.61,TR,2021-07-24 18:42:29
231,Verkhnevilyuysk,63.4453,120.3167,56.08,81,0,5.88,RU,2021-07-24 18:42:30
232,Korcula,42.9622,17.1369,86.56,67,6,5.21,HR,2021-07-24 18:42:30
233,Bagenalstown,52.7003,-6.9618,70.02,78,97,3.22,IE,2021-07-24 18:42:30
234,Leningradskiy,69.3833,178.4167,37.24,93,100,5.19,RU,2021-07-24 18:42:31
235,Laurel,39.0993,-76.8483,88.56,49,40,4.0,US,2021-07-24 18:41:30
236,Pangnirtung,66.1451,-65.7125,49.68,61,100,9.22,CA,2021-07-24 18:42:31
237,Shimoda,34.6667,138.95,75.99,85,1,8.08,JP,2021-07-24 18:42:32
238,Salalah,17.0151,54.0924,78.89,100,90,5.75,OM,2021-07-24 18:42:32
239,Baker City,44.7749,-117.8344,85.93,24,1,5.75,US,2021-07-24 18:42:32
240,Suleja,9.1758,7.1808,76.19,96,100,2.55,NG,2021-07-24 18:42:33
241,Chadan,51.2833,91.5833,61.47,94,100,2.55,RU,2021-07-24 18:42:33
242,Balkhash,46.844,74.9804,77.88,39,0,0.56,KZ,2021-07-24 18:42:34
243,Bouloupari,-21.8667,166.05,69.94,88,1,1.28,NC,2021-07-24 18:42:34
244,Eureka,40.8021,-124.1637,85.68,75,30,3.0,US,2021-07-24 18:39:57
245,Sept-Iles,50.2001,-66.3821,66.06,81,75,5.99,CA,2021-07-24 18:42:08
246,Batemans Bay,-35.7167,150.1833,50.92,59,79,14.85,AU,2021-07-24 18:42:35
247,Askarovo,53.3372,58.5089,63.55,77,40,4.47,RU,2021-07-24 18:42:35
248,Qaqortoq,60.7167,-46.0333,48.7,92,89,6.91,GL,2021-07-24 18:39:57
249,Hambantota,6.1241,81.1185,79.14,94,75,9.22,LK,2021-07-24 18:40:05
250,Maryville,35.7565,-83.9705,91.65,58,40,3.0,US,2021-07-24 18:42:36
251,San Ignacio,17.1561,-89.0714,86.14,70,40,6.91,BZ,2021-07-24 18:42:36
252,Kota Bahru,6.1333,102.2386,80.55,94,20,0.0,MY,2021-07-24 18:42:37
253,Poum,-20.2333,164.0167,71.91,82,7,7.38,NC,2021-07-24 18:42:37
254,Deputatskiy,69.3,139.9,45.64,71,22,4.47,RU,2021-07-24 18:42:38
255,Tomatlan,19.9333,-105.25,89.6,60,31,8.16,MX,2021-07-24 18:42:38
256,Krasnoselkup,65.7,82.4667,56.59,92,82,15.84,RU,2021-07-24 18:42:38
257,Manokwari,-0.8667,134.0833,78.22,73,100,2.28,ID,2021-07-24 18:38:34
258,Aldan,58.6031,125.3894,56.55,99,100,5.3,RU,2021-07-24 18:42:39
259,Aksarka,66.5606,67.7975,55.33,70,13,11.88,RU,2021-07-24 18:42:39
260,Santa Cruz De La Palma,28.6835,-17.7642,77.14,78,20,17.27,ES,2021-07-24 18:42:40
261,Alushta,44.6667,34.4167,72.1,56,0,6.02,UA,2021-07-24 18:42:40
262,Berlevag,70.8578,29.0864,45.12,87,100,26.24,NO,2021-07-24 18:42:41
263,Nome,64.5011,-165.4064,47.16,93,90,5.75,US,2021-07-24 18:39:14
264,Mahebourg,-20.4081,57.7,70.09,83,75,5.75,MU,2021-07-24 18:42:41
265,Bayonet Point,28.3267,-82.6834,90.37,52,0,8.95,US,2021-07-24 18:42:42
266,Amapa,1.0,-52.0,82.94,70,100,1.92,BR,2021-07-24 18:42:42
267,Nanakuli,21.3906,-158.1547,80.55,78,90,8.05,US,2021-07-24 18:42:43
268,Zhanaozen,43.3,52.8,83.93,49,0,19.64,KZ,2021-07-24 18:41:15
269,Canto Do Buriti,-8.11,-42.9444,91.47,27,0,12.37,BR,2021-07-24 18:42:43
270,Belmonte,-15.8631,-38.8828,80.6,61,100,11.01,BR,2021-07-24 18:42:43
271,Msanga,-6.05,36.0333,67.44,61,0,8.7,TZ,2021-07-24 18:42:44
272,Port Lincoln,-34.7333,135.8667,53.19,64,100,20.22,AU,2021-07-24 18:42:44
273,Kathmandu,27.7167,85.3167,75.42,94,75,2.3,NP,2021-07-24 18:42:38
274,Pyu,18.4833,96.4333,75.65,97,100,4.34,MM,2021-07-24 18:42:45
275,Luena,-11.7833,19.9167,60.76,40,0,4.59,AO,2021-07-24 18:42:45
276,Huejuquilla El Alto,22.6,-103.8667,75.92,49,69,4.32,MX,2021-07-24 18:42:46
277,Alice Springs,-23.7,133.8833,38.75,52,72,4.61,AU,2021-07-24 18:41:44
278,Namibe,-15.1961,12.1522,66.27,86,1,4.27,AO,2021-07-24 18:41:08
279,Konza,-1.7426,37.1294,62.87,49,77,8.01,KE,2021-07-24 18:42:47
280,Ilulissat,69.2167,-51.1,39.29,89,83,7.18,GL,2021-07-24 18:42:14
281,Kindu,-2.95,25.95,77.86,38,26,0.96,CD,2021-07-24 18:42:47
282,Klaksvik,62.2266,-6.589,50.92,93,79,18.14,FO,2021-07-24 18:42:47
283,Srandakan,-7.9386,110.2506,72.21,89,6,3.74,ID,2021-07-24 18:42:48
284,Hervey Bay,-25.2986,152.8535,57.04,54,1,11.21,AU,2021-07-24 18:42:48
285,Inuvik,68.3499,-133.7218,66.96,48,75,6.91,CA,2021-07-24 18:41:36
286,Mairi,-11.7114,-40.1489,67.37,82,100,7.85,BR,2021-07-24 18:42:49
287,Caravelas,-17.7125,-39.2481,74.53,59,54,9.91,BR,2021-07-24 18:39:17
288,Khawhai,23.3667,93.1167,61.65,100,81,0.72,IN,2021-07-24 18:42:49
289,Rio Tuba,8.5061,117.4317,82.29,83,100,12.33,PH,2021-07-24 18:42:50
290,Praia,14.9215,-23.5087,81.14,54,75,10.36,CV,2021-07-24 18:40:31
291,Vaitape,-16.5167,-151.75,77.58,73,14,15.3,PF,2021-07-24 18:42:50
292,Esperance,-33.8667,121.9,49.84,80,4,18.59,AU,2021-07-24 18:38:26
293,Pasighat,28.0667,95.3333,78.57,96,100,2.64,IN,2021-07-24 18:42:51
294,Cabedelo,-6.9811,-34.8339,81.27,70,4,17.38,BR,2021-07-24 18:39:21
295,Seminole,28.7086,-81.2081,94.55,67,75,1.99,US,2021-07-24 18:40:55
296,Mount Gambier,-37.8333,140.7667,42.71,75,75,20.71,AU,2021-07-24 18:42:01
297,Temir,49.1414,57.13,71.37,43,0,8.46,KZ,2021-07-24 18:42:52
298,Russell,32.3502,-85.1999,91.11,46,20,0.0,US,2021-07-24 18:42:52
299,Soyo,-6.1349,12.3689,72.19,88,0,9.86,AO,2021-07-24 18:42:53
300,Flinders,-34.5833,150.8552,51.39,62,75,8.01,AU,2021-07-24 18:42:53
301,Gariaband,20.635,82.0614,75.13,87,100,7.0,IN,2021-07-24 18:42:53
302,Sambava,-14.2667,50.1667,67.53,78,93,11.14,MG,2021-07-24 18:42:54
303,Tura,25.5198,90.2201,74.64,97,86,4.05,IN,2021-07-24 18:40:10
304,Konya,38.1667,32.5,69.28,29,0,1.57,TR,2021-07-24 18:42:54
305,Port Hawkesbury,45.6169,-61.3485,69.58,74,40,8.99,CA,2021-07-24 18:39:48
306,Safaga,26.7292,33.9365,89.55,37,0,16.98,EG,2021-07-24 18:42:55
307,Saraland,30.8207,-88.0706,94.05,64,23,5.12,US,2021-07-24 18:42:55
308,Dao,11.3937,122.6856,77.02,86,84,7.92,PH,2021-07-24 18:42:56
309,Harrisonburg,38.4496,-78.8689,88.97,53,40,6.91,US,2021-07-24 18:38:25
310,Tuatapere,-46.1333,167.6833,40.82,80,100,7.43,NZ,2021-07-24 18:42:56
311,Troitsko-Pechorsk,62.7084,56.1964,46.06,61,100,8.16,RU,2021-07-24 18:42:57
312,Sioux Lookout,50.1001,-91.917,82.09,27,2,15.68,CA,2021-07-24 18:38:56
313,Yumen,40.2833,97.2,74.16,52,99,1.92,CN,2021-07-24 18:42:57
314,Simpang,-1.2667,104.0833,75.36,93,12,2.71,ID,2021-07-24 18:39:48
315,Baculin,7.4525,126.5842,80.17,71,100,7.58,PH,2021-07-24 18:42:58
316,Lagos,6.5833,3.75,80.92,76,100,7.63,NG,2021-07-24 18:42:58
317,Pontes E Lacerda,-15.2261,-59.3353,96.84,19,0,6.29,BR,2021-07-24 18:42:59
318,Cap-Aux-Meules,47.3821,-61.8597,62.65,77,75,11.5,CA,2021-07-24 18:42:59
319,Bose,45.4612,8.0137,77.07,90,28,7.54,IT,2021-07-24 18:42:59
320,Hamilton,39.1834,-84.5333,89.74,58,1,1.99,US,2021-07-24 18:43:00
321,Taltal,-25.4,-70.4833,60.78,68,16,7.38,CL,2021-07-24 18:43:00
322,Bilma,18.6853,12.9164,89.89,36,100,12.55,NE,2021-07-24 18:39:46
323,Milton Keynes,52.0417,-0.7558,62.65,85,99,13.53,GB,2021-07-24 18:39:22
324,Seydi,39.4816,62.9137,91.51,10,0,11.14,TM,2021-07-24 18:43:01
325,Nhulunbuy,-12.2333,136.7667,66.81,94,43,0.0,AU,2021-07-24 18:43:02
326,Beringovskiy,63.05,179.3167,52.0,89,100,8.19,RU,2021-07-24 18:41:55
327,Shingu,33.7333,135.9833,74.91,87,67,4.72,JP,2021-07-24 18:40:06
328,Makokou,0.5738,12.8642,76.08,71,98,1.66,GA,2021-07-24 18:43:02
329,Qui Nhon,13.7667,109.2333,82.85,69,100,16.33,VN,2021-07-24 18:40:35
330,Evensk,61.95,159.2333,50.27,97,100,1.28,RU,2021-07-24 18:43:03
331,Barroquinha,-3.0189,-41.1361,89.38,53,17,11.25,BR,2021-07-24 18:43:03
332,Geraldton,-28.7667,114.6,55.81,88,90,10.36,AU,2021-07-24 18:39:31
333,Narsaq,60.9167,-46.05,48.42,87,92,5.19,GL,2021-07-24 18:43:04
334,Dawlatabad,36.4141,64.9053,89.46,12,0,8.97,AF,2021-07-24 18:43:05
335,Angoram,-4.0625,144.0661,72.21,100,100,2.48,PG,2021-07-24 18:43:05
336,Mareeba,-17.0,145.4333,63.32,94,64,2.3,AU,2021-07-24 18:43:05
337,Bertoua,4.5833,13.6833,69.75,89,99,3.22,CM,2021-07-24 18:43:06
338,Komatipoort,-25.4332,31.9548,51.04,62,5,6.17,ZA,2021-07-24 18:43:06
339,Saint-Louis,16.3333,-15.0,100.04,28,12,7.34,SN,2021-07-24 18:43:06
340,Voyvozh,62.892,54.9635,42.55,78,77,6.49,RU,2021-07-24 18:43:07
341,Bacolod,10.6667,122.95,78.21,88,98,13.51,PH,2021-07-24 18:43:07
342,Misratah,32.3754,15.0925,81.64,61,0,10.07,LY,2021-07-24 18:43:08
343,The Valley,18.217,-63.0578,84.81,79,40,18.41,AI,2021-07-24 18:43:08
344,Kloulklubed,7.0419,134.2556,82.9,80,100,13.56,PW,2021-07-24 18:43:08
345,Kayankulam,9.1833,76.5,76.46,90,28,5.23,IN,2021-07-24 18:43:09
346,Da Nang,16.0678,108.2208,85.98,58,75,1.14,VN,2021-07-24 18:38:43
347,Longyearbyen,78.2186,15.6401,46.24,76,75,6.91,SJ,2021-07-24 18:42:02
348,Virginia Beach,36.8529,-75.978,87.04,46,75,12.66,US,2021-07-24 18:41:29
349,Vestmanna,62.1564,-7.1664,49.12,100,90,5.75,FO,2021-07-24 18:43:09
350,Umm Kaddadah,13.6017,26.6876,88.32,36,100,4.0,SD,2021-07-24 18:43:10
351,Rocha,-34.4833,-54.3333,61.81,78,100,8.39,UY,2021-07-24 18:42:34
352,Kristianstad,56.0313,14.1524,71.98,78,40,10.36,SE,2021-07-24 18:43:10
353,Zhigansk,66.7697,123.3711,55.29,75,6,14.83,RU,2021-07-24 18:39:19
354,Bauchi,10.5,10.0,71.19,91,57,2.73,NG,2021-07-24 18:43:11
355,Gravdal,68.1214,13.5031,51.87,98,100,10.65,NO,2021-07-24 18:43:11
356,Brae,60.3964,-1.353,57.11,79,52,7.85,GB,2021-07-24 18:43:12
357,Alamosa,37.4695,-105.87,77.67,41,20,4.61,US,2021-07-24 18:43:12
358,Zaragoza,41.6561,-0.8773,87.46,24,0,5.99,ES,2021-07-24 18:43:13
359,Kieta,-6.2167,155.6333,78.31,84,100,2.33,PG,2021-07-24 18:43:13
360,Airai,-8.9266,125.4092,55.45,41,5,2.89,TL,2021-07-24 18:43:13
361,Dayong,25.0209,118.2898,83.88,89,84,4.7,CN,2021-07-24 18:43:14
362,Tongchuan,35.0806,109.0897,70.16,90,1,3.83,CN,2021-07-24 18:43:14
363,Rognac,43.4876,5.2339,82.35,55,0,11.5,FR,2021-07-24 18:43:14
364,Severo-Kurilsk,50.6789,156.125,54.45,97,57,3.18,RU,2021-07-24 18:43:15
365,Iralaya,15.0,-83.2333,87.89,69,100,10.85,HN,2021-07-24 18:43:15
366,Fukue,32.6881,128.8419,79.66,82,100,19.39,JP,2021-07-24 18:43:16
367,Trairi,-3.2778,-39.2689,83.53,57,29,14.0,BR,2021-07-24 18:39:29
368,Tortoli,39.9256,9.6572,82.98,57,0,20.71,IT,2021-07-24 18:43:16
369,Xining,36.6167,101.7667,65.1,88,100,1.72,CN,2021-07-24 18:43:17
370,Buchanan,5.8808,-10.0467,78.76,76,37,8.21,LR,2021-07-24 18:43:17
371,Moose Factory,51.2585,-80.6094,69.8,83,90,17.27,CA,2021-07-24 18:41:44
372,Tigzirt,36.8886,4.1198,84.97,49,71,5.66,DZ,2021-07-24 18:43:18
373,Camopi,3.1655,-52.3158,82.11,79,92,2.35,GF,2021-07-24 18:43:18
374,Mayo,38.8876,-76.5119,89.08,55,90,3.0,US,2021-07-24 18:43:18
375,Gwembe,-16.4975,27.6069,51.1,77,0,4.43,ZM,2021-07-24 18:43:19
376,Mahajanga,-15.7167,46.3167,73.42,83,0,3.44,MG,2021-07-24 18:43:19
377,Choix,26.7092,-108.3219,91.94,48,61,5.64,MX,2021-07-24 18:43:19
378,Miles City,46.4083,-105.8406,86.5,13,1,5.75,US,2021-07-24 18:43:20
379,Coffs Harbour,-30.3,153.1333,60.13,53,0,13.8,AU,2021-07-24 18:43:20
380,Tombouctou,20.0,-3.0,101.77,18,44,9.08,ML,2021-07-24 18:43:21
381,Baghmara,23.795,86.2085,79.83,85,75,5.32,IN,2021-07-24 18:43:21
382,Sao Jose Da Coroa Grande,-8.8978,-35.1478,77.31,70,0,11.43,BR,2021-07-24 18:43:22
383,Ahipara,-35.1667,173.1667,54.55,83,100,10.94,NZ,2021-07-24 18:39:40
384,San Jose,37.3394,-121.895,90.27,47,20,0.0,US,2021-07-24 18:40:52
385,Victoria,22.2855,114.1577,82.26,94,98,7.0,HK,2021-07-24 18:38:30
386,Heihe,50.2441,127.4902,66.78,96,100,7.11,CN,2021-07-24 18:43:23
387,Isiro,2.7739,27.616,67.28,93,89,1.01,CD,2021-07-24 18:43:23
388,Teeli,51.0333,90.2333,61.12,71,100,2.98,RU,2021-07-24 18:43:23
389,Kalashnikovo,57.2824,35.2262,57.06,63,90,3.29,RU,2021-07-24 18:43:24
390,Ufimskiy,56.7084,58.0517,56.66,98,100,5.99,RU,2021-07-24 18:43:24
391,Mildura,-34.2,142.15,44.56,81,40,10.36,AU,2021-07-24 18:41:22
392,Puerto Varas,-41.3195,-72.9854,43.02,93,90,11.5,CL,2021-07-24 18:43:25
393,Talnakh,69.4865,88.3972,50.99,75,100,5.17,RU,2021-07-24 18:43:25
394,Ponta Delgada,37.7333,-25.6667,74.12,83,20,16.11,PT,2021-07-24 18:43:26
395,Itarema,-2.9248,-39.9167,83.59,58,43,17.67,BR,2021-07-24 18:40:28
396,Awjilah,29.1081,21.2869,86.31,29,0,14.03,LY,2021-07-24 18:40:17
397,Asyut,27.181,31.1837,91.58,22,0,9.62,EG,2021-07-24 18:43:27
398,Souillac,-20.5167,57.5167,69.44,79,30,7.2,MU,2021-07-24 18:43:27
399,Sorsk,54.0033,90.2467,63.07,84,99,3.24,RU,2021-07-24 18:43:28
400,Antofagasta,-23.65,-70.4,61.88,71,35,11.61,CL,2021-07-24 18:43:28
401,Kuremaa,58.7353,26.5383,65.88,69,8,3.76,EE,2021-07-24 18:43:28
402,Portland,45.5234,-122.6762,83.14,35,0,6.73,US,2021-07-24 18:39:25
403,Sobolevo,54.4299,31.8996,58.23,72,2,1.12,RU,2021-07-24 18:43:29
404,Wexford,52.3342,-6.4575,68.22,79,45,9.64,IE,2021-07-24 18:43:29
405,Leninskoye,41.7589,69.3864,91.33,15,0,8.23,KZ,2021-07-24 18:41:18
406,Belaya Gora,68.5333,146.4167,46.76,68,89,15.3,RU,2021-07-24 18:43:30
407,Khani,41.9563,42.9566,65.77,97,99,1.41,GE,2021-07-24 18:43:30
408,Knysna,-34.0363,23.0471,46.78,44,62,5.53,ZA,2021-07-24 18:43:31
409,Ippy,6.2679,21.2247,70.47,95,90,3.18,CF,2021-07-24 18:43:31
410,Zyryanka,65.75,150.85,62.4,56,100,3.94,RU,2021-07-24 18:42:19
411,Acoua,-12.7239,45.0582,75.11,70,5,19.04,YT,2021-07-24 18:43:32
412,Sao Filipe,14.8961,-24.4956,75.0,73,58,8.66,CV,2021-07-24 18:43:33
413,La Rioja,42.25,-2.5,72.05,59,100,5.61,ES,2021-07-24 18:43:33
414,Praia Da Vitoria,38.7333,-27.0667,80.85,69,40,15.64,PT,2021-07-24 18:40:59
415,Bubaque,11.2833,-15.8333,80.28,73,100,7.23,GW,2021-07-24 18:43:34
416,Ocos,14.5094,-92.1933,93.7,73,100,5.77,GT,2021-07-24 18:40:54
417,La Sarre,48.8002,-79.1996,60.03,95,100,18.34,CA,2021-07-24 18:43:35
418,Takoradi,4.8845,-1.7554,75.47,77,7,7.61,GH,2021-07-24 18:43:35
419,Tezu,27.9167,96.1667,77.45,96,98,2.59,IN,2021-07-24 18:43:36
420,Minggang,32.4586,114.0486,75.76,89,4,5.01,CN,2021-07-24 18:43:36
421,Finnsnes,69.2296,17.9811,56.01,99,100,4.92,NO,2021-07-24 18:43:37
422,Xinglongshan,43.9561,125.4661,78.55,69,0,6.71,CN,2021-07-24 18:43:37
423,Greytown,-29.0642,30.5928,36.7,91,0,0.31,ZA,2021-07-24 18:43:38
424,Padilla,3.2204,-76.3139,69.37,56,100,2.75,CO,2021-07-24 18:43:38
425,Katsuura,35.1333,140.3,80.11,85,3,8.12,JP,2021-07-24 18:40:53
426,Itamaraju,-17.0392,-39.5311,72.93,68,34,10.38,BR,2021-07-24 18:43:39
427,Abha,18.2164,42.5053,71.42,73,20,6.91,SA,2021-07-24 18:42:08
428,Axim,4.8699,-2.2405,75.51,78,65,6.17,GH,2021-07-24 18:43:39
429,Duma,34.7653,108.135,68.02,83,6,2.44,CN,2021-07-24 18:43:39
430,Codrington,-38.2667,141.9667,43.66,72,77,21.83,AU,2021-07-24 18:40:54
431,San Cristobal,7.7669,-72.225,82.58,57,100,6.4,VE,2021-07-24 18:43:40
432,Jalu,29.0331,21.5482,87.39,23,0,9.22,LY,2021-07-24 18:43:40
433,College,64.8569,-147.8028,60.75,93,75,5.75,US,2021-07-24 18:43:41
434,Hofn,64.2539,-15.2082,53.2,99,100,14.2,IS,2021-07-24 18:43:41
435,Urucui,-7.2294,-44.5561,95.85,21,2,9.37,BR,2021-07-24 18:43:42
436,Morro Bay,35.3658,-120.8499,90.93,56,74,3.0,US,2021-07-24 18:42:13
437,Sandnessjoen,66.0217,12.6316,57.18,91,93,2.89,NO,2021-07-24 18:43:42
438,Mount Isa,-20.7333,139.5,55.17,44,90,1.14,AU,2021-07-24 18:43:42
439,Bathsheba,13.2167,-59.5167,86.61,74,40,12.66,BB,2021-07-24 18:43:43
440,Mosquera,4.7059,-74.2302,64.49,63,75,5.75,CO,2021-07-24 18:41:54
441,Gornopravdinsk,60.05,69.9,53.22,95,80,2.26,RU,2021-07-24 18:43:43
442,Sola,-13.8833,167.55,75.87,100,75,0.0,VU,2021-07-24 18:43:44
443,Ambovombe,-25.1667,46.0833,63.82,52,42,12.21,MG,2021-07-24 18:43:44
444,Jonesboro,35.8423,-90.7043,93.67,49,75,3.0,US,2021-07-24 18:43:44
445,Chernyshevskiy,63.0128,112.4714,56.08,71,66,3.91,RU,2021-07-24 18:43:45
446,Jacareacanga,-6.2222,-57.7528,98.8,22,100,4.05,BR,2021-07-24 18:43:45
447,Havoysund,70.9963,24.6622,45.48,83,100,22.41,NO,2021-07-24 18:43:45
448,Oktyabrskoye,43.0645,44.7417,66.34,93,100,4.47,RU,2021-07-24 18:43:46
449,Kununurra,-15.7667,128.7333,62.58,77,100,1.14,AU,2021-07-24 18:43:46
450,Bonfim,3.0833,-59.95,88.29,56,85,7.76,BR,2021-07-24 18:43:47
451,Sirpur,19.4833,79.6,77.85,88,100,4.5,IN,2021-07-24 18:43:47
452,Haverfordwest,51.8017,-4.9691,67.55,79,62,9.46,GB,2021-07-24 18:43:47
453,Carutapera,-1.195,-46.02,81.64,80,80,8.1,BR,2021-07-24 18:40:00
454,Bonthe,7.5264,-12.505,76.46,85,100,8.39,SL,2021-07-24 18:43:48
455,Covington,39.0837,-84.5086,90.21,58,1,1.01,US,2021-07-24 18:43:49
456,Davila,18.4726,120.5763,78.78,90,100,26.6,PH,2021-07-24 18:43:49
457,Dingle,10.9995,122.6711,78.12,86,99,11.74,PH,2021-07-24 18:40:45
458,San Policarpo,12.1791,125.5072,80.71,78,100,10.69,PH,2021-07-24 18:43:50
459,Nerchinskiy Zavod,51.3088,119.61,52.63,96,8,3.22,RU,2021-07-24 18:43:50
460,Panguna,-6.3164,155.4848,67.55,94,100,1.1,PG,2021-07-24 18:43:50
461,Gizo,-8.103,156.8419,81.41,77,34,4.76,SB,2021-07-24 18:43:51
462,Baruun-Urt,46.6806,113.2792,60.8,59,4,7.65,MN,2021-07-24 18:43:51
463,Atkinson,42.8384,-71.147,83.89,51,1,1.01,US,2021-07-24 18:43:52
464,Ryotsu,38.0833,138.4333,78.28,85,0,3.49,JP,2021-07-24 18:43:52
465,Mackay,-21.15,149.2,61.68,77,0,3.44,AU,2021-07-24 18:43:52
466,Piacabucu,-10.4056,-36.4344,77.0,72,0,13.2,BR,2021-07-24 18:41:15
467,Capiibary,-24.8,-56.0333,86.02,29,0,7.58,PY,2021-07-24 18:43:53
468,Adrar,20.5022,-10.0711,96.98,23,63,9.64,MR,2021-07-24 18:42:45
469,Miri,4.4148,114.0089,80.74,94,20,0.0,MY,2021-07-24 18:40:48
470,Quzhou,28.9594,118.8686,75.06,94,100,4.54,CN,2021-07-24 18:43:54
471,George,-33.963,22.4617,44.15,87,0,5.75,ZA,2021-07-24 18:43:54
472,Necochea,-38.5473,-58.7368,52.03,55,89,17.85,AR,2021-07-24 18:39:56
473,Losone,46.1687,8.7593,82.69,99,40,1.14,CH,2021-07-24 18:43:55
474,Sokolo,14.7328,-6.1219,95.4,37,80,2.53,ML,2021-07-24 18:43:55
475,Becerril,9.7041,-73.2793,83.84,76,100,5.17,CO,2021-07-24 18:43:56
476,Xiongzhou,25.1167,114.3,76.3,90,5,1.88,CN,2021-07-24 18:43:56
477,Port Hardy,50.6996,-127.4199,60.98,94,90,3.44,CA,2021-07-24 18:42:14
478,Hokitika,-42.7167,170.9667,47.14,81,100,8.93,NZ,2021-07-24 18:43:56
479,Griffith,41.5284,-87.4237,93.09,63,40,1.99,US,2021-07-24 18:43:57
480,Sao Miguel Do Araguaia,-13.275,-50.1628,90.7,21,60,6.96,BR,2021-07-24 18:43:57
481,Yar-Sale,66.8333,70.8333,51.49,76,0,8.97,RU,2021-07-24 18:43:57
482,Pirovskoye,57.6267,92.2658,61.79,72,0,6.22,RU,2021-07-24 18:43:58
483,Santa Fe,-31.6333,-60.7,73.72,43,71,7.52,AR,2021-07-24 18:39:14
484,Korla,41.7597,86.1469,90.16,21,4,7.49,CN,2021-07-24 18:43:58
485,Tiarei,-17.5333,-149.3333,78.82,72,27,9.95,PF,2021-07-24 18:41:11
486,Coracora,-15.0333,-73.7833,62.69,22,52,9.26,PE,2021-07-24 18:43:59
487,Vestmannaeyjar,63.4427,-20.2734,51.64,87,80,13.06,IS,2021-07-24 18:41:22
488,Hami,42.8,93.45,88.05,36,0,6.64,CN,2021-07-24 18:40:21
489,Molteno,-31.3968,26.3625,37.4,28,0,7.65,ZA,2021-07-24 18:44:00
490,Ranong,9.9658,98.6348,79.7,88,100,10.2,TH,2021-07-24 18:44:00
491,Remedios,22.4947,-79.5458,90.52,69,74,9.55,CU,2021-07-24 18:44:00
492,Fort Nelson,58.8053,-122.7002,67.59,49,75,9.22,CA,2021-07-24 18:44:01
493,Terre Haute,39.4667,-87.4139,89.33,70,75,1.01,US,2021-07-24 18:44:01
494,Garden City,42.3256,-83.331,87.21,71,75,16.11,US,2021-07-24 18:43:00
495,Atascocita,29.9988,-95.1766,96.19,59,20,1.99,US,2021-07-24 18:44:02
496,Leshukonskoye,64.8989,45.7622,44.56,97,90,5.21,RU,2021-07-24 18:44:02
497,Kisangani,0.5167,25.2,77.4,66,100,0.54,CD,2021-07-24 18:44:03
498,Octeville,49.6261,-1.6435,61.92,93,100,9.93,FR,2021-07-24 18:44:03
499,Mindelo,16.8901,-24.9804,80.15,54,20,17.27,CV,2021-07-24 18:44:04
500,Dabakala,8.3667,-4.4333,75.76,78,65,5.21,CI,2021-07-24 18:40:04
501,Kavaratti,10.5669,72.642,81.81,82,25,19.57,IN,2021-07-24 18:44:04
502,Shieli,44.1667,66.75,87.28,18,0,7.25,KZ,2021-07-24 18:44:05
503,Aljezur,37.3191,-8.8033,66.74,76,0,14.29,PT,2021-07-24 18:44:05
504,Labuan,5.2767,115.2417,82.76,94,20,0.0,MY,2021-07-24 18:44:05
505,Kisanga,-7.4362,37.7034,71.26,59,15,1.48,TZ,2021-07-24 18:44:06
506,Bennettsville,34.6174,-79.6848,90.16,59,40,1.01,US,2021-07-24 18:44:06
507,Los Aquijes,-14.0967,-75.6908,63.27,29,0,4.85,PE,2021-07-24 18:44:07
508,Broken Hill,-31.95,141.4333,42.51,87,6,13.8,AU,2021-07-24 18:44:07
509,Yarmouth,41.7057,-70.2286,80.96,65,1,5.01,US,2021-07-24 18:44:08
510,Den Helder,52.9599,4.7593,72.97,88,90,5.99,NL,2021-07-24 18:44:08
511,Port Moresby,-9.4431,147.1797,78.22,89,40,3.44,PG,2021-07-24 18:44:08
512,San-Pedro,4.7485,-6.6363,75.11,75,77,4.59,CI,2021-07-24 18:44:09
513,Rafaela,-31.2503,-61.4867,80.51,31,19,8.1,AR,2021-07-24 18:44:09
514,Roald,62.5833,6.1333,67.12,94,90,4.61,NO,2021-07-24 18:39:45
515,Gazanjyk,39.2446,55.5154,87.26,55,0,15.43,TM,2021-07-24 18:44:10
516,Maneromango,-7.1988,38.7848,71.35,83,92,6.93,TZ,2021-07-24 18:44:10
517,Sisimiut,66.9395,-53.6735,40.12,95,100,6.04,GL,2021-07-24 18:44:10
518,Pochutla,15.7432,-96.4661,91.22,52,100,5.41,MX,2021-07-24 18:40:59
519,Kudahuvadhoo,2.6708,72.8944,82.76,75,100,7.61,MV,2021-07-24 18:44:11
520,Kapuskasing,49.4169,-82.4331,68.09,94,90,8.05,CA,2021-07-24 18:44:11
521,Nyrob,60.733,56.7202,44.22,91,12,2.51,RU,2021-07-24 18:44:12
522,Henties Bay,-22.116,14.2845,65.17,37,0,10.63,NA,2021-07-24 18:44:12
523,Salinopolis,-0.6136,-47.3561,82.67,69,99,11.16,BR,2021-07-24 18:44:13
524,Bandarbeyla,9.4942,50.8122,77.74,74,22,29.57,SO,2021-07-24 18:44:13
525,Corner Brook,48.9667,-57.9484,64.53,97,100,2.13,CA,2021-07-24 18:44:13
526,Pizarro,4.9533,-77.366,75.67,94,100,7.23,CO,2021-07-24 18:44:14
527,Buedu,8.2803,-10.3719,69.87,98,99,3.15,SL,2021-07-24 18:44:14
528,Ntcheu,-14.8203,34.6359,54.16,78,52,9.98,MW,2021-07-24 18:44:15
529,Eydhafushi,5.1033,73.0708,81.86,75,30,4.34,MV,2021-07-24 18:44:15
530,Fort-Shevchenko,44.5086,50.263,80.33,57,55,11.1,KZ,2021-07-24 18:44:15
531,Cayenne,4.9333,-52.3333,75.24,94,75,0.0,GF,2021-07-24 18:44:16
532,Keningau,5.3378,116.1602,77.45,97,88,1.12,MY,2021-07-24 18:44:16
533,Maceio,-9.6658,-35.7353,81.84,57,40,14.97,BR,2021-07-24 18:44:06
534,Sorland,67.667,12.6934,52.39,96,100,16.13,NO,2021-07-24 18:44:17
535,Mugumu,-1.85,34.7,69.89,37,98,4.18,TZ,2021-07-24 18:44:17
536,Walvis Bay,-22.9575,14.5053,70.75,9,6,8.05,NA,2021-07-24 18:44:17
537,Denizli,37.8402,29.0698,74.25,32,63,3.62,TR,2021-07-24 18:44:18
538,Moses Lake,47.1301,-119.2781,86.61,24,1,3.44,US,2021-07-24 18:44:18
539,Jesup,31.6074,-81.8854,89.71,48,40,9.22,US,2021-07-24 18:44:18
540,Teknaf,20.8624,92.3058,80.44,89,100,8.88,BD,2021-07-24 18:44:19
541,Mandalay,21.9747,96.0836,80.91,77,97,10.07,MM,2021-07-24 18:44:19
542,Yinchuan,38.4681,106.2731,76.35,62,0,11.34,CN,2021-07-24 18:44:19
543,Hay River,60.8156,-115.7999,55.38,76,75,11.5,CA,2021-07-24 18:44:20
544,Cascais,38.6979,-9.4215,75.06,53,20,10.0,PT,2021-07-24 18:44:20
545,Atasu,48.6814,71.6433,81.72,22,3,8.88,KZ,2021-07-24 18:39:35
546,Lorengau,-2.0226,147.2712,80.67,76,69,5.99,PG,2021-07-24 18:44:21
547,Fallon,39.4735,-118.7774,92.44,11,40,5.75,US,2021-07-24 18:44:21
548,Alihe,50.5667,123.7167,58.5,95,11,2.35,CN,2021-07-24 18:44:21
549,Tupiza,-21.45,-65.7167,67.78,14,51,19.35,BO,2021-07-24 18:44:22
550,Murchison,-41.8,172.3333,39.0,98,52,2.68,NZ,2021-07-24 18:44:22
551,Sitka,57.0531,-135.33,57.09,88,90,8.05,US,2021-07-24 18:39:29
552,Voskresenskoye,56.8381,45.4317,51.12,65,76,3.6,RU,2021-07-24 18:44:23
553,Dutse,11.7594,9.3392,77.61,75,12,7.94,NG,2021-07-24 18:44:23
